time,median_E,mean_E,dim_p,mean_E_time,time_mean_E,dim_state,label
37.3005633354187,0.0022747219,0.003649845,20,9.784959513948753e-05,10219.76635237448,23,bc-MC
44.73357534408569,0.008721948,0.012515103,40,0.00027976980038354343,3574.367207000452,43,bc-MC
51.0720329284668,0.004477501,0.0068153352,60,0.00013344554459407228,7493.69342409968,63,bc-MC
57.161412477493286,0.008009195,0.011585669,80,0.000202683386546161,4933.803490461468,83,bc-MC
60.51345205307007,0.006470442,0.0109333005,100,0.0001806755375756465,5534.783587298381,103,bc-MC
